,Aguilar Pickups
Aguilar AG 4J-HC 4-string Hum-Cancelling Jazz Bass Pickup Set,$229.99 USD
Aguilar AG 5J-HC 5-string Hum-Cancelling Jazz Bass Pickup Set,$259.99 USD
Aguilar DCB-G5 Dual Ceramic Bar 6-String Bar Bass Pickup Set,$299.99 USD
Aguilar DCB-G4 Dual Ceramic Bar 5-String Bar Bass Pickup Set,$269.99 USD
Aguilar AG 5J-HOT 5-string Overwound Jazz Bass Pickup Set,$239.99 USD
Aguilar AG 4P-HOT 4-string Overwound Precision Bass Pickup,$149.99 USD
Aguilar DCB-G3 Dual Ceramic Bar 4-String Bar Bass Pickup Set,$229.99 USD
Aguilar DCB-D4 Dual Ceramic Bar 6-String Bar Bass Pickup Set,$299.99 USD
Aguilar DCB-D2 Dual Ceramic Bar 5-String Bar Bass Pickup Set,$269.99 USD
Aguilar DCB-D1 Dual Ceramic Bar 4-String Bar Bass Pickup Set,$229.99 USD
Aguilar DCB-M5 Dual Ceramic Bar 5-String Music Man Style Bass Pickup,$179.99 USD
Aguilar DCB-5J 5-string Dual Ceramic Jazz Bass Pickup Set,$259.99 USD
Aguilar DCB-4PJ 4-string Dual Ceramic PJ Bass Pickup Set,$249.99 USD
Aguilar DCB-M4 Dual Ceramic Bar 4-String Music Man Style Bass Pickup,$159.99 USD
Aguilar DCB-4J 4-string Dual Ceramic Jazz Bass Pickup Set,$229.99 USD
Aguilar AG 5M 5-string Music Man Style Pickup,$159.99 USD
Aguilar AG 4M 4-string Music Man Style Pickup,$139.99 USD
Aguilar AG 6SD-D4 6-String Super Double Bass Pickup Set,$339.99 USD
Aguilar AG 5SD-D4 5-String Super Double Bass Pickup Set,$299.99 USD
Aguilar AG 5SD-D2 5-String Super Double Bass Pickup Set,$299.99 USD
Aguilar AG 5M/J-HC 5-string Music Man/Jazz Hum-Cancelling Bass Pickup Set,$289.99 USD
Aguilar AG 4PJ-HC Hum-Cancelling 4-String PJ Bass Pickup Set,$229.99 USD
Aguilar AG 4P-60 60's Era 4-String Precision Bass Pickup,$139.99 USD
Aguilar AG 4P-51 50's Era Precision Bass Pickup,$89.99 USD
Aguilar AG 4M/J-HC 4-string Music Man/Jazz Hum-Cancelling Bass Pickup Set,$259.99 USD
Aguilar AG 4J-HOT 4-string Overwound Jazz Bass Pickup Set,$189.99 USD
Aguilar AG 4J-70 70's Era 4-String Jazz Bass Pickup Set,$179.99 USD
Aguilar AG 4J-60 60's Era 4-String Jazz Bass Pickup Set,$179.99 USD
