,Emg Pickups
35CS,$99.00
35CSX,$109.00
35DC,$99.00
35DCX,$109.00
35HZ,$99.00
35J,$99.00
35JCS,$99.00
35JCSX,$109.00
35JX,$109.00
35P,$99.00
35P4,$99.00
35P4X,$109.00
35PX,$109.00
35TW,$119.00
35TWX,$129.00
40CS,$104.00
40CSX,$114.00
40DC,$104.00
40DCX,$114.00
40HZ,$104.00
40J,$104.00
40JCS,$104.00
40JCSX,$114.00
40JX,$114.00
40P,$104.00
40P5,$104.00
40P5X,$114.00
40PX,$114.00
40TW,$124.00
40TWX,$139.00
45CS,$109.00
45CSX,$119.00
45DC,$109.00
45DCX,$119.00
45HZ,$109.00
45J,$109.00
45JCS,$109.00
45JCSX,$119.00
45JX,$119.00
45P,$109.00
45PX,$119.00
45TW,$129.00
45TWX,$149.00
ABC,$79.00
ABCX,$79.00
B30EQ Control,$99.00
B30EQ System,$164.00
B64EQ Control,$99.00
B64EQ System,$164.00
BQC Control,$119.00
BQC System,$179.00
BQC System HZ,$179.00
BQS Control,$119.00
BQS System,$179.00
BQS System HZ,$179.00
BTC Control,$99.00
BTC System,$129.00
BTC System HZ,$129.00
BTS Control,$99.00
BTS System,$129.00
BTS System HZ,$129.00
DE Set,$199.00
EXB,$79.00
FB Set,$199.00
GZR P  ,$109.00
GZR PJ,$179.00
HB,$99.00
HBCS,$99.00
J Set,$179.00
J System,$209.00
J5 Set,$189.00
J5AX Set,$199.00
J5X Set,$199.00
JA Set,$179.00
JAX Set,$189.00
JCS Set,$179.00
JCSX Set,$189.00
JHZ Set,$179.00
JV Set,$179.00
JV52 Set,$179.00
JVHZ,$179.00
JVX Set,$189.00
JX Set,$189.00
JX System,$219.00
LJ / SJ,$99.00
LJA / SJA,$99.00
LJAX / SJAX,$104.00
LJCS / SJCS,$99.00
LJCSX / SJCSX,$104.00
LJHZ,$99.00
LJV / SJV,$99.00
LJVX / SJVX,$104.00
LJX / SJX,$104.00
Les Claypool LC Set,$149.00
MJ Set,$179.00
MM5CS,$114.00
MM5TW,$124.00
MMCS,$109.00
MMHZ,$109.00
MMTW,$119.00
P,$104.00
P5,$109.00
P5A,$109.00
P5AX,$124.00
P5J Set,$189.00
P5X,$124.00
P6,$114.00
P6CS,$114.00
P6CSX,$129.00
P6X,$129.00
PA,$104.00
PAX,$119.00
PCS,$104.00
PCSX,$119.00
PHZ,$104.00
PJ Set,$179.00
PJAX,$189.00
PJCSX Set,$189.00
PJHZ Set,$179.00
PJX Set,$189.00
PX,$119.00
"RT ""Rip Tide"" Set",$219.00
SJHZ,$99.00
TA Set,$199.00
TBCS,$99.00
TBDC,$99.00
TBHZ,$99.00
TBJ,$99.00
TBP,$99.00
TBTW,$119.00
VMC,$99.00
